ASA,ASE,Variable,Description
True,True,[ServerSettings],"Les options suivantes doivent figurer dans la section [ServerSettings] de GameUserSettings.ini :"
True,True,ActiveMods,"Type de valeur : liste des ID de mod, séparés par des virgules sans espaces, sur une seule ligne (par exemple : ModID1,ModID2,ModID3) Spécifie l'ordre et quels mods sont chargés. Les ModID sont séparés par des virgules et sur une seule ligne. La priorité est par ordre décroissant (le ModID le plus à gauche a la priorité la plus élevée). Alternativement, mais non suggéré, la ligne de commande ?GameModIds= peut être utilisée."
True,None,ActiveMapMod,"Type de valeur : ID de mod pour la carte de mod actuellement active. Spécifie quelle carte de mod est chargée.?"
False,True,ActiveTotalConversion,"Type de valeur : ModID Utilisé pour spécifier un mod de conversion total (ex : Primitive Plus). Alternativement, l'option de ligne de commande -TotalConversionMod=<ModID> peut également être définie."
True,True,AdminLogging,"Valeur par défaut : False Type de valeur : booléen Si True, enregistre toutes les commandes d'administrateur dans le chat en jeu."
True,True,AllowAnyoneBabyImprintCuddle,"Valeur par défaut : False Type de valeur : booléen Si True, permet à quiconque de « prendre soin » d'un bébé créature (câlin, etc.), pas seulement à la personne qui y a imprimé."
True,True,AllowCaveBuildingPvE,"Valeur par défaut : False Type de valeur : booléen Si True, autorise la construction dans des grottes lorsque le mode PvE est également activé. Remarque : plus besoin de travailler dans les options de ligne de commande avant le patch 241.5."
True,True,AllowCaveBuildingPvP,"Valeur par défaut : True Type de valeur : booléen Si False, empêche la construction de grottes lorsque le mode PvP est également activé."
None,True,AllowCrateSpawnsOnTopOfStructures,"Valeur par défaut : False Type de valeur : booléen Si vrai, permet aux caisses de ravitaillement aériennes d'apparaître au-dessus des structures, plutôt que d'être empêchées par les structures."
True,True,AllowFlyerCarryPvE,"Valeur par défaut : False Type de valeur : booléen Si vrai, permet aux créatures volantes de ramasser des créatures sauvages en PvE."
None,True,AllowFlyingStaminaRecovery,"Valeur par défaut : False Type de valeur : booléen Si True, permet au serveur de récupérer de l'endurance lorsqu'il se tient sur un Flyer."
True,True,AllowHideDamageSourceFromLogs,"Valeur par défaut : True Type de valeur : booléen Si False, affiche les sources de dégâts dans les journaux de tribu."
True,True,AllowHitMarkers,"Valeur par défaut : True Type de valeur : booléen Si False, désactive les marqueurs facultatifs pour les attaques à distance."
None,True,AllowIntegratedSPlusStructures,"Valeur par défaut : True Type de valeur : booléen si False, désactive toutes les nouvelles structures S+ (destiné principalement à permettre aux serveurs non officiels qui souhaitent continuer à utiliser la version mod S+ de continuer à l'utiliser sans une tonne de structures en double supplémentaires)."
True,True,AllowMultipleAttachedC4,"Valeur par défaut : False Type de valeur : booléen Si True, permet d'attacher plus d'un C4 par créature."
True,True,AllowRaidDinoFeeding,"Valeur par défaut : False Type de valeur : booléen Si True, permet d'apprivoiser les Titanosaures de manière permanente (c'est-à-dire de leur permettre d'être nourris). Remarque : dans The Island, seul un maximum de 3 Titanosaures apparaît, donc 3 Titanosaures apprivoisés devraient finalement empêcher d'autres de se reproduire."
None,True,AllowSharedConnections,"Valeur par défaut : False Type de valeur : booléen Si True, permet aux joueurs du partage familial de se connecter au serveur."
None,True,AllowTekSuitPowersInGenesis,"Valeur par défaut : False Type de valeur : booléen Si True, active les pouvoirs de la combinaison TEK dans Genesis : Partie 1."
True,True,AllowThirdPersonPlayer,"Valeur par défaut : True Type de valeur : booléen Si False, désactive la caméra tierce autorisée par défaut sur tous les serveurs dédiés."
True,True,AlwaysAllowStructurePickup,"Valeur par défaut : False Type de valeur : booléen Si True désactive la minuterie sur le système de prise en charge rapide."
None,True,AlwaysNotifyPlayerLeft,"Valeur par défaut : False Type de valeur : booléen Si True, les joueurs seront toujours avertis si quelqu'un quitte le serveur"
None,True,AutoDestroyDecayedDinos,"Valeur par défaut : False Type de valeur : booléen Si True, détruit automatiquement les animaux pourris récupérables au chargement, plutôt que de les laisser comme récupérables. Remarque : après le patch 273.691, en mode PvE, la récupération automatique après la période de dégradation a été désactivée en PvE officiel."
None,True,AutoDestroyOldStructuresMultiplier,"Valeur par défaut : 0,0 Type de valeur : float Autorise l'autodestruction des structures uniquement après qu'un délai suffisant « sans tribu à proximité » se soit écoulé (défini comme un multiplicateur de la période d'autorisation de réclamation). Pour l'activer, définissez-le sur 1.0. Utile pour les serveurs pour éliminer automatiquement les structures abandonnées au fil du temps. Nécessite l’option de ligne de commande -AutoDestroyStructures pour fonctionner. La valeur évolue avec le temps de décroissance de chaque structure."
True,True,AutoSavePeriodMinutes,"Valeur par défaut : 15,0 Type de valeur : float Définit l'intervalle pour les sauvegardes automatiques. Le définir sur 0 entraînera une sauvegarde constante."
None,True,BanListURL,"Type de valeur : chaîne avec une URL Définit la liste des interdictions globales. Doit être placé entre guillemets doubles. La liste d'interdiction officielle est http://arkdedicated.com/banlist.txt, avant 279.233, l'URL était http://playark.com/banlist.txt. Remarque : il prend uniquement en charge le protocole HTTP (HTTPS n'est pas pris en charge)."
None,True,bForceCanRideFliers,"Type de valeur : booléen Si True, permet d'utiliser les flyers sur les cartes où ils sont normalement désactivés. Remarque : si vous le définissez sur False, les dépliants seront désactivés sur n'importe quelle carte."
True,True,ClampItemSpoilingTimes,"Valeur par défaut : False Type de valeur : booléen Si True, limite tous les temps d'altération aux temps d'altération maximum des éléments. Utile si des exploits infinis ont été utilisés sur le serveur et que vous souhaitez les nettoyer. Cela pourrait potentiellement causer des problèmes avec les mods qui modifient le temps de détérioration, c'est donc une option."
None,True,ClampItemStats,"Valeur par défaut : False Type de valeur : booléen Si True, active le blocage des statistiques pour les éléments. Voir ItemStatClamps pour plus d'informations."
True,True,ClampResourceHarvestDamage,"Valeur par défaut : False Type de valeur : booléen Si True, limite les dégâts causés par un apprivoisé à une ressource lors de la récolte en fonction de la santé restante de la ressource. Remarque : l'activation de ce paramètre peut entraîner une réduction sensible de la récolte de ressources à l'aide d'outils ou de créatures à dégâts élevés."
None,True,CustomDynamicConfigUrl,"Type de valeur : chaîne avec une URL Lien direct vers un fichier Dynamicconfig.ini en direct (http://arkdedicated.com/dynamicconfig.ini), permettant des modifications en direct des options prises en charge sans avoir besoin de redémarrer le serveur, ainsi que la définition d'un jeu de couleurs personnalisé pour les apparitions de créatures sauvages. Remarque : nécessite l'option de ligne de commande -UseDynamicConfig, la chaîne avec une URL doit utiliser le protocole HTTP (HTTPS n'est pas pris en charge) et des guillemets intérieurs si elle est utilisée dans la ligne de commande. Consultez la section DynamicConfig pour connaître les paramètres pris en charge."
None,True,CustomLiveTuningUrl,"Type de valeur : chaîne avec une URL Lien direct vers le fichier de réglage en direct (par exemple : http://arkdedicated.com/DefaultOverloads.json). Actuellement, permet uniquement de modifier les valeurs de DecayDestructionPeriod et DecayDestructionPeriodMultiplier pour n'importe quelle structure du jeu. Remarque : la chaîne avec une URL doit utiliser le protocole HTTP (HTTPS n'est pas pris en charge) et des guillemets intérieurs si elle est utilisée en ligne de commande. Pour plus d'informations sur l'utilisation de ce système, consultez l'annonce officielle : https://survivetheark.com/index.php?/forums/topic/569366-server-configuration-live-tuning-system."
True,True,DayCycleSpeedScale,"Valeur par défaut : 1.0 Type de valeur : float Spécifie le facteur d'échelle pour le passage du temps dans l'ARK, contrôlant la fréquence à laquelle le jour passe à la nuit et la nuit à jour. La valeur par défaut 1 offre la même vitesse de cycle que l'expérience solo (et les serveurs publics officiels). Les valeurs inférieures à 1 ralentissent le cycle ; des valeurs plus élevées l’accélèrent. Le temps de base lorsque la valeur est 1 semble être de 1 minute en temps réel, soit environ 1 minute. Temps de jeu de 28 minutes. Ainsi, pour un cycle jour/nuit d’environ 24 heures dans le jeu, utilisez 0,035 pour la valeur."
True,True,DayTimeSpeedScale,"Valeur par défaut : 1,0 Type de valeur : float Spécifie le facteur d'échelle pour le passage du temps dans l'ARK pendant la journée. Cette valeur détermine la durée de chaque jour, par rapport à la durée de chaque nuit (telle que spécifiée par NightTimeSpeedScale). Réduire cette valeur augmente la durée de chaque journée."
True,False,DestroyTamesOverTheSoftTameLimit,"Valeur par défaut : false Type de valeur : booléen permet de détruire les apprivoisés au-delà de la limite"
False,True,DestroyUnconnectedWaterPipes,"Valeur par défaut : False Type de valeur : booléen Si vrai, après deux jours en temps réel, les tuyaux se détruiront automatiquement s'ils ne sont pas connectés à un non-tuyau (directement ou indirectement) et qu'aucun joueur allié n'est à proximité."
True,True,DifficultyOffset,"Valeur par défaut : 1,0 Type de valeur : float Spécifie le niveau de difficulté."
True,True,DinoCharacterFoodDrainMultiplier,"Valeur par défaut : 1.0 Type de valeur : float Spécifie le facteur d'échelle pour la consommation alimentaire des créatures. Des valeurs plus élevées augmentent la consommation de nourriture (les créatures ont faim plus rapidement). Cela affecte également les temps d'apprivoisement."
True,True,DinoCharacterHealthRecoveryMultiplier,"Valeur par défaut : 1.0 Type de valeur : float Spécifie le facteur d'échelle pour la récupération de santé des créatures. Des valeurs plus élevées augmentent le taux de récupération (les créatures guérissent plus rapidement)."
True,True,DinoCharacterStaminaDrainMultiplier,"Valeur par défaut : 1.0 Type de valeur : float Spécifie le facteur d'échelle pour la consommation d'endurance des créatures. Des valeurs plus élevées augmentent la consommation d'endurance (les créatures se fatiguent plus rapidement)."
None,True,DinoCountMultiplier,"Valeur par défaut : 1.0 Type de valeur : float Spécifie le facteur d'échelle pour les apparitions de créatures. Des valeurs plus élevées augmentent le nombre de créatures apparaissant dans l’ARK."
True,True,DinoDamageMultiplier,"Valeur par défaut : 1,0 Type de valeur : float Spécifie le facteur d'échelle pour les dégâts que les créatures sauvages infligent avec leurs attaques. La valeur par défaut 1 fournit des dégâts normaux. Des valeurs plus élevées augmentent les dégâts. Des valeurs inférieures le diminuent."
True,True,DinoResistanceMultiplier,"Valeur par défaut : 1,0 Type de valeur : float Spécifie le facteur d'échelle pour la résistance aux dégâts que les créatures sauvages reçoivent lorsqu'elles sont attaquées. La valeur par défaut 1 fournit des dégâts normaux. Des valeurs plus élevées diminuent la résistance, augmentant les dégâts par attaque. Des valeurs inférieures l’augmentent, réduisant ainsi les dégâts par attaque. Une valeur de 0,5 entraînerait une créature subissant la moitié des dégâts tandis qu'une valeur de 2,0 entraînerait une créature subissant le double des dégâts normaux."
True,True,DisableDinoDecayPvE,"Valeur par défaut : False Type de valeur : booléen Si vrai, désactive la dégradation des créatures en mode PvE. Remarque : après le patch 273.691, en mode PvE, la récupération automatique de la créature après une période de décomposition a été désactivée."
True,True,DisableImprintDinoBuff,"Valeur par défaut : False Type de valeur : booléen Si vrai, désactive le bonus de statistique du joueur qui imprègne la créature. Lorsque celui qui s'est spécifiquement imprimé sur la créature et l'a élevé pour avoir une qualité d'impression, obtient un buff supplémentaire de dégâts/résistance."
True,True,DisablePvEGamma,"Valeur par défaut : False Type de valeur : booléen Si True, empêche l'utilisation de la commande de console « gamma » en mode PvE."
True,True,DisableStructureDecayPvE,"Valeur par défaut : False Type de valeur : booléen Si True, désactive la dégradation automatique progressive des structures des joueurs."
True,True,DisableWeatherFog,"Valeur par défaut : False Type de valeur : booléen Si True, désactive le brouillard."
True,True,DontAlwaysNotifyPlayerJoined,"Valeur par défaut : False Type de valeur : booléen Si True, désactive globalement les notifications de participation des joueurs."
True,True,EnableExtraStructurePreventionVolumes,"Valeur par défaut : False Type de valeur : booléen Si True, désactive la construction dans des zones spécifiques riches en ressources, en particulier la configuration sur l'île autour des principales montagnes."
True,True,EnablePvPGamma,"Valeur par défaut : False Type de valeur : booléen Si True, permet l'utilisation de la commande de console gamma en mode PvP."
None,True,ExtinctionEventTimeInterval,"Type de valeur : secondes Utilisé pour activer le mode d'extinction (ARKpocalypse). Le nombre est le temps en secondes. Utilisez la valeur 2592000 pendant 30 jours."
None,True,FastDecayUnsnappedCoreStructures,"Valeur par défaut : False Type de valeur : booléen Si True, les fondations/piliers/clôtures/stockage dédié Tek non verrouillés se désintégreront après le temps indiqué par FastDecayInterval dans Game.ini (la valeur par défaut est de 12 heures). Avant 259,0, il fixait le temps de désintégration de telles structures à 5 fois plus rapidement."
None,True,ForceAllStructureLocking,"Valeur par défaut : False Type de valeur : booléen Si True, verrouillera par défaut toutes les structures."
True,True,globalVoiceChat,"Valeur par défaut : False Type de valeur : booléen Si True, le chat vocal devient global."
True,True,HarvestAmountMultiplier,"Valeur par défaut : 1,0 Type de valeur : float Spécifie le facteur d'échelle pour les rendements de toutes les activités de récolte (abattage d'arbres, cueillette de baies, sculpture de carcasses, extraction de roches, etc.). Des valeurs plus élevées augmentent la quantité de matériaux récoltés à chaque frappe."
True,True,HarvestHealthMultiplier,"Valeur par défaut : 1.0 Type de valeur : float Spécifie le facteur d'échelle pour la « santé » des éléments pouvant être récoltés (arbres, rochers, carcasses, etc.). Des valeurs plus élevées augmentent la quantité de dégâts (c'est-à-dire le « nombre de coups ») que ces objets peuvent subir avant d'être détruits, ce qui se traduit par des rendements globaux de récolte plus élevés."
None,True,IgnoreLimitMaxStructuresInRangeTypeFlag,"Valeur par défaut : False Type de valeur : booléen Si True, supprime la limite de 150 structures décoratives (drapeaux, panneaux, derme etc.)."
True,True,ItemStackSizeMultiplier,"Valeur par défaut : 1.0 Type de valeur : float Autoriser l'augmentation ou la diminution de la taille globale de la pile d'éléments, cela signifie que toutes les tailles de pile par défaut seront multipliées par la valeur donnée (à l'exclusion des éléments qui ont une taille de pile de 1 par défaut)."
True,True,KickIdlePlayersPeriod,"Valeur par défaut : 3600.0 Type de valeur : float Temps en secondes après lequel les personnages qui n'ont pas bougé ou interagi seront expulsés (si -EnableIdlePlayerKick comme paramètre de ligne de commande est défini). Remarque : bien qu'au niveau du code, il soit défini comme un nombre à virgule flottante, il est suggéré d'utiliser plutôt un nombre entier."
None,True,MaxGateFrameOnSaddles,"Valeur par défaut : 0 Type de valeur : entier Définit le nombre maximum de passerelles autorisées sur les selles de plateforme. Une valeur de 2 empêcherait les joueurs de placer plus de 2 passerelles sur leurs selles de plateforme (utilisées dans les serveurs PvP officiels). Ce paramètre n'est pas rétroactif, ce qui signifie que les versions existantes ne seront pas affectées. Réglé sur 0 pour ne pas permettre aux joueurs de placer des passerelles sur les selles de plateforme (utilisées dans les serveurs PvE officiels)."
None,True,MaxHexagonsPerCharacter,"Valeur par défaut : 2000000000 Type de valeur : entier Définit la quantité maximale d'hexagones qu'un personnage peut accumuler. L'officiel l'a fixé à 2 500 000."
True,True,MaxPersonalTamedDinos,"Valeur par défaut : 0 Type de valeur : entier Définit une limite d'apprivoisement de créatures par tribu (500 sur les serveurs PvE officiels, 300 sur les serveurs PvP officiels). La valeur par défaut de 0 désactive cette limite."
None,True,MaxPlatformSaddleStructureLimit,"Valeur par défaut : 75 Type de valeur : entier Modifie le nombre maximum de créatures/radeaux sur plateforme autorisés sur l'ARK (un coût de performance potentiel). Exemple : MaxPlatformSaddleStructureLimit=10 n'autoriserait que 10 selles/radeaux de plate-forme sur l'ensemble de l'ARK."
True,True,MaxTamedDinos,"Valeur par défaut : 5000,0 Type de valeur : float Définit le nombre maximum de créatures apprivoisées sur un serveur, il s'agit d'un plafond global. Remarque : bien qu'au niveau du code, il soit défini comme un nombre à virgule flottante, il est suggéré d'utiliser plutôt un nombre entier."
True,False,MaxTamedDinos_SoftTameLimit,"Default value: 5000 définir la limite d'apprivoisement logiciel à l'échelle du serveur"
True,False,MaxTamedDinos_SoftTameLimit_CountdownForDeletionDuration "Default value: 604800 réglez la minuterie pour la destruction en secondes"
None,True,MaxTributeCharacters,"Valeur par défaut : 10 Type de valeur : entier Emplacements pour les caractères téléchargés. Toute valeur inférieure à la valeur par défaut sera rétablie. Remarque : son augmentation peut corrompre les données du joueur/du cluster et entraîner la perte de tous les personnages stockés."
True,True,MaxTributeDinos,"Valeur par défaut : 20 Type de valeur : entier Emplacements pour les créatures téléchargées. Toute valeur inférieure à la valeur par défaut sera rétablie. Remarque : Certains joueurs ont revendiqué un maximum de 273 pour être un plafond de sécurité, et un nombre supérieur corromptrait le profil/le cluster et entraînerait la perte de toutes les créatures stockées, mais cela doit être vérifié."
True,True,MaxTributeItems,"Valeur par défaut : 50 Type de valeur : entier Emplacements pour les éléments et ressources téléchargés. Toute valeur inférieure à la valeur par défaut sera rétablie. Remarque : Certains joueurs ont revendiqué un maximum de 154 pour être un plafond de sécurité, et un nombre supérieur corromptrait le profil/cluster et entraînerait la perte de tous les éléments et ressources stockés, mais cela doit être vérifié."
True,True,NightTimeSpeedScale,"Valeur par défaut : 1.0 Type de valeur : float Spécifie le facteur d'échelle pour le passage du temps dans l'ARK pendant la nuit. Cette valeur détermine la durée de chaque nuit, par rapport à la durée de chaque jour (telle que spécifiée par DayTimeSpeedScale). La diminution de cette valeur augmente la durée de chaque nuit."
True,True,NonPermanentDiseases,"Valeur par défaut : False Type de valeur : booléen Si True, rend les maladies permanentes non permanentes. Les joueurs les perdront s’ils réapparaissent."
None,True,NPCNetworkStasisRangeScalePlayerCountStart,"Valeur par défaut : 0 Type de valeur : entier Nombre minimum de joueurs en ligne lorsque le remplacement de l'échelle de plage de stase du réseau NPC est activé (nécessite une saisie dans INI, pas une ligne de commande). Utilisé pour remplacer l'échelle de plage de stase du réseau NPC (afin d'adapter les performances du serveur pour plus de joueurs), la valeur par défaut est 0, ce qui la désactive. Le fonctionnaire l'a fixé à 24."
None,True,NPCNetworkStasisRangeScalePlayerCountEnd,"Valeur par défaut : 0 Type de valeur : entier Nombre maximum de joueurs en ligne lorsque NPCNetworkStasisRangeScalePercentEnd est atteint (nécessite une saisie dans INI, pas dans la ligne de commande). Utilisé pour remplacer l'échelle de plage de stase du réseau NPC (afin d'adapter les performances du serveur pour plus de joueurs), la valeur par défaut est 0, ce qui la désactive. L'officiel l'a réglé à 70"
None,True,NPCNetworkStasisRangeScalePercentEnd,"Valeur par défaut : 0,55000001 Type de valeur : float Le pourcentage d'échelle maximal utilisé lorsque NPCNetworkStasisRangeScalePlayerCountEnd est atteint (nécessite une saisie dans INI, pas dans la ligne de commande). Utilisé pour remplacer l'échelle de plage de stase du réseau NPC (pour faire évoluer les performances du serveur pour plus de joueurs). L'officiel l'a fixé à 0,5."
None,True,OnlyAutoDestroyCoreStructures,"Valeur par défaut : False Type de valeur : booléen Si True, empêche toute structure non centrale/non-fondatrice de s'auto-détruire (cependant, elle sera toujours auto-détruite si un étage sur lequel elle se trouve est auto-détruite). Les serveurs PvE officiels utilisent cette option."
None,True,OnlyDecayUnsnappedCoreStructures,"Valeur par défaut : False Type de valeur : booléen Si True, seules les structures de base non accrochées se désintégreront. Utile pour éliminer le spam des piliers/fondations isolés."
True,True,OverrideOfficialDifficulty,"Valeur par défaut : 0,0 Type de valeur : float Vous permet de remplacer le niveau de difficulté par défaut du serveur de 4 par 5 pour correspondre au nouveau niveau de difficulté officiel du serveur. La valeur par défaut de 0,0 désactive le remplacement. Une valeur de 5,0 permettra aux créatures communes d'apparaître jusqu'au niveau 150. À l'origine (247,95) disponible uniquement en option de ligne de commande."
True,True,OverrideStructurePlatformPrevention,"Valeur par défaut : False Type de valeur : booléen Si True, les tourelles peuvent être construites et fonctionnelles sur les selles de la plate-forme. Puisque 247.999 s'applique également à la structure à pointes. Remarque : malgré les notes de patch, dans ShooterGameServer, il est codé OverrideStructurePlatformPrevention avec deux r."
True,True,OxygenSwimSpeedStatMultiplier,"Valeur par défaut : 1,0 Type de valeur : float Utilisez ceci pour définir la façon dont la vitesse de nage est multipliée par le niveau dépensé en oxygène. La valeur a été réduite de 80 % en 256,0."
True,True,PerPlatformMaxStructuresMultiplier,"Valeur par défaut : 1,0 Type de valeur : float Une valeur plus élevée augmente (à partir d'une échelle de pourcentage) le nombre maximum d'éléments pouvant être placés sur les selles et les radeaux."
None,True,PersonalTamedDinosSaddleStructureCost,"Valeur par défaut : 0 Type de valeur : entier Détermine le nombre d'« emplacements de créature apprivoisée » qu'une selle de plate-forme (avec structures) utilisera pour respecter la limite de créature apprivoisée de la tribu."
True,True,PlatformSaddleBuildAreaBoundsMultiplier,"Valeur par défaut : 1.0 Type de valeur : float Augmenter le nombre permet de placer les structures plus loin de la plateforme."
True,True,PlayerCharacterFoodDrainMultiplier,"Valeur par défaut : 1.0 Type de valeur : float Spécifie le facteur d'échelle pour la consommation alimentaire des personnages joueurs. Des valeurs plus élevées augmentent la consommation de nourriture (les personnages joueurs ont faim plus rapidement)."
True,True,PlayerCharacterHealthRecoveryMultiplier,"Valeur par défaut : 1.0 Type de valeur : float Spécifie le facteur d'échelle pour la récupération de la santé des personnages joueurs. Des valeurs plus élevées augmentent le taux de récupération (les personnages joueurs guérissent plus rapidement)."
True,True,PlayerCharacterStaminaDrainMultiplier,"Valeur par défaut : 1.0 Type de valeur : float Spécifie le facteur d'échelle pour la consommation d'endurance des personnages joueurs. Des valeurs plus élevées augmentent la consommation d’endurance (les personnages joueurs se fatiguent plus rapidement)."
True,True,PlayerCharacterWaterDrainMultiplier,"Valeur par défaut : 1.0 Type de valeur : float Spécifie le facteur d'échelle pour la consommation d'eau des personnages joueurs. Des valeurs plus élevées augmentent la consommation d’eau (les personnages joueurs ont soif plus rapidement)."
True,True,PlayerDamageMultiplier,"Valeur par défaut : 1.0 Type de valeur : float Spécifie le facteur d'échelle pour les dégâts que les joueurs infligent avec leurs attaques. La valeur par défaut 1 fournit des dégâts normaux. Des valeurs plus élevées augmentent les dégâts. Des valeurs inférieures le diminuent."
True,True,PlayerResistanceMultiplier,"Valeur par défaut : 1.0 Type de valeur : float Spécifie le facteur d'échelle pour la résistance aux dégâts que les joueurs reçoivent lorsqu'ils sont attaqués. La valeur par défaut 1 fournit des dégâts normaux. Des valeurs plus élevées diminuent la résistance, augmentant les dégâts par attaque. Des valeurs inférieures l’augmentent, réduisant ainsi les dégâts par attaque. Une valeur de 0,5 entraînerait un joueur subissant la moitié des dégâts tandis qu'une valeur de 2,0 entraînerait le double des dégâts normaux."
True,True,PreventDiseases,"Valeur par défaut : False Type de valeur : booléen Si True, maladie complète sur le serveur. Jusqu’à présent, juste Swamp Fever."
True,True,PreventMateBoost,"Valeur par défaut : False Type de valeur : booléen Si vrai, désactive l'amélioration du compagnon de créature."
True,True,PreventOfflinePvP,"Valeur par défaut : False Type de valeur : booléen Si True, active la prévention des raids hors ligne (ORP). Lorsque tous les membres de la tribu sont déconnectés, les personnages, créatures et structures de la tribu deviennent invulnérables. La famine des créatures s'applique toujours, de plus, les personnages et les créatures peuvent toujours mourir s'ils sont noyés. Malgré son nom, il fonctionne à la fois dans les modes de jeu PvE et PvP. Pour des raisons de performances, il est recommandé de définir un intervalle minimum avec l'option PreventOfflinePvPInterval avant que l'ORP ne devienne actif. ORP permet également de réduire l'utilisation de la mémoire et du processeur sur un serveur. Activé par défaut sur le PvE officiel depuis la version 258.3"
True,True,PreventOfflinePvPInterval,"Valeur par défaut : 0,0 Type de valeur : float Secondes d'attente avant qu'un ORP ne devienne actif pour les tribus/joueurs et les créatures/structures relatives (10 secondes sur les serveurs PvE officiels). Remarque : bien qu'au niveau du code, il soit défini comme un nombre à virgule flottante, il est suggéré d'utiliser plutôt un nombre entier."
True,True,PreventSpawnAnimations,"Valeur par défaut : False Type de valeur : booléen Si True, les personnages du joueur (ré)apparaissent sans l'animation de réveil."
True,True,PreventTribeAlliances,"Valeur par défaut : False Type de valeur : booléen Si True, empêche les tribus de créer des alliances."
True,True,ProximityChat,"Valeur par défaut : False Type de valeur : booléen Si True, seuls les joueurs proches les uns des autres peuvent voir leurs messages de discussion"
True,True,PvEAllowStructuresAtSupplyDrops,"Valeur par défaut : False Type de valeur : booléen Si True, permet de construire à proximité des points de ravitaillement en mode PvE."
True,True,PvEDinoDecayPeriodMultiplier,"Valeur par défaut : 1.0 Type de valeur : float Multiplicateur de temps de décroissance automatique des créatures PvE. Nécessite DisableDinoDecayPvE=false dans GameUserSettings.ini ou ?DisableDinoDecayPvE=false dans la ligne de commande pour fonctionner."
None,True,PvEStructureDecayPeriodMultiplier,"Valeur par défaut : 1.0 Type de valeur : float Spécifie le facteur d'échelle pour les temps de décroissance des structures, par exemple : le régler à 2,0 doublera tous les temps de décroissance des structures, tandis que le régler à 0,5 réduira de moitié les minuteries. Remarque : malgré son nom, fonctionne en mode PvP et PvE lorsque la dégradation de la structure est activée."
True,True,PvPDinoDecay,"Valeur par défaut : False Type de valeur : booléen Si vrai, active la décomposition des créatures en PvP lorsque la prévention des raids hors ligne est active."
None,True,PvPStructureDecay,"Valeur par défaut : False Type de valeur : booléen Si True, active la dégradation des structures sur les serveurs PvP lorsque la prévention des raids hors ligne est active."
True,True,RaidDinoCharacterFoodDrainMultiplier,"Valeur par défaut : 1.0 Type de valeur : float Affecte la rapidité avec laquelle la nourriture s'écoule sur de tels « dinosaures de raid » (par exemple : Titanosaure)"
True,True,RandomSupplyCratePoints,"Valeur par défaut : False Type de valeur : booléen Si True, les livraisons de ravitaillement se font à des emplacements aléatoires. Remarque : ce paramètre est connu pour rendre les artefacts inaccessibles sur Ragnarok s'ils sont actifs."
None,True,RCONEnabled,"Valeur par défaut : False Type de valeur : booléen Si True, active RCON, nécessite RCONPort=<TCP_PORT> et ServerAdminPassword=<admin_password> pour fonctionner."
True,True,RCONPort,"Valeur par défaut : 27020 Type de valeur : entier Spécifie le port TCP RCON facultatif. Voir Configuration du serveur dédié"
True,True,RCONServerGameLogBuffer,"Valeur par défaut : 600,0 Type de valeur : float Détermine le nombre de lignes de journaux de jeu envoyées via le RCON. Remarque : bien qu'il soit codé comme un flottant, il est suggéré de le traiter comme un entier."
True,True,ResourcesRespawnPeriodMultiplier,"Valeur par défaut : 1.0 Type de valeur : float Spécifie le facteur d'échelle pour le taux de réapparition des nœuds de ressources (arbres, rochers, buissons, etc.). Des valeurs inférieures entraînent la réapparition des nœuds plus fréquemment."
True,True,ServerAdminPassword,"Type de valeur : chaîne Si spécifié, les joueurs doivent fournir ce mot de passe (via la console de jeu) pour accéder aux commandes d'administrateur sur le serveur. Remarque : aucun guillemet n’est utilisé."
None,True,ServerAutoForceRespawnWildDinosInterval,"Valeur par défaut : 0,0 Type de valeur : float Forcer la réapparition de toutes les créatures sauvages au redémarrage du serveur après la valeur définie en secondes. La valeur par défaut de 0,0 le désactive. Utile pour empêcher certaines espèces de créatures (comme le Basilo et le Spino) de se dépeupler sur les serveurs fonctionnant depuis longtemps."
True,True,ServerCrosshair,"Valeur par défaut : True Type de valeur : booléen Si False, désactive le Crosshair sur votre serveur."
True,True,ServerForceNoHUD,"Valeur par défaut : False Type de valeur : booléen Si vrai, le HUD est toujours désactivé pour les PNJ n'appartenant pas à la tribu."
True,True,ServerHardcore,"Valeur par défaut : False Type de valeur : booléen Si True, active le mode Hardcore (les personnages du joueur reviennent au niveau 1 à leur mort)"
True,True,ServerPassword,"Type de valeur : chaîne Si spécifié, les joueurs doivent fournir ce mot de passe pour rejoindre le serveur. Remarque : aucun guillemet n’est utilisé."
True,True,serverPVE,"Valeur par défaut : False Type de valeur : booléen Si True, désactive le PvP et active le PvE"
True,True,ShowFloatingDamageText,"Valeur par défaut : False Type de valeur : booléen Si True, active le mode texte contextuel de dégâts de style RPG."
True,True,ShowMapPlayerLocation,"Valeur par défaut : True Type de valeur : booléen Si False, masque la position précise de chaque joueur lorsqu'il visualise sa carte."
None,True,SpectatorPassword,"Type de valeur : chaîne Pour utiliser un spectateur non administrateur, le serveur doit spécifier un mot de passe spectateur. Ensuite, n'importe quel client peut utiliser ces commandes de console : requestspectator <password> et stopspectating. Remarque : aucun guillemet n’est utilisé."
None,True,StructureDamageMultiplier,"Valeur par défaut : 1.0 Type de valeur : float Spécifie le facteur d'échelle pour les structures de dégâts infligées par leurs attaques (c'est-à-dire les murs à pointes). Des valeurs plus élevées augmentent les dégâts. Des valeurs inférieures le diminuent."
True,True,StructurePickupHoldDuration,"Valeur par défaut : 0,5 Type de valeur : float Spécifie la durée de maintien de la prise en charge rapide, une valeur de 0 entraîne une prise en charge instantanée."
True,True,StructurePickupTimeAfterPlacement,"Valeur par défaut : 30,0 Type de valeur : float Durée en secondes après le placement pendant laquelle la récupération rapide est disponible."
True,True,StructurePreventResourceRadiusMultiplier,"Valeur par défaut : 1.0 Type de valeur : float Identique à ResourceNoReplenishRadiusStructures dans Game.ini. Si les deux paramètres sont définis, les deux multiplicateurs seront appliqués. Peut être utile lorsque vous ne pouvez pas modifier le fichier Game.ini car il fonctionne également comme une option de ligne de commande."
True,True,StructureResistanceMultiplier,"Valeur par défaut : 1,0 Type de valeur : float Spécifie le facteur d'échelle pour la résistance aux dommages que les structures reçoivent lorsqu'elles sont attaquées. La valeur par défaut 1 fournit des dégâts normaux. Des valeurs plus élevées diminuent la résistance, augmentant les dégâts par attaque. Des valeurs inférieures l’augmentent, réduisant ainsi les dégâts par attaque. Une valeur de 0,5 entraînerait une structure subissant la moitié des dégâts tandis qu'une valeur de 2,0 entraînerait une structure subissant le double des dégâts normaux."
None,True,TamedDinoDamageMultiplier,"Valeur par défaut : 1,0 Type de valeur : float Spécifie le facteur d'échelle pour les dégâts que les créatures apprivoisées infligent avec leurs attaques. La valeur par défaut 1 fournit des dégâts normaux. Des valeurs plus élevées augmentent les dégâts. Des valeurs inférieures le diminuent."
None,True,TamedDinoResistanceMultiplier,"Valeur par défaut : 1,0 Type de valeur : float Spécifie le facteur d'échelle pour la résistance aux dégâts que les créatures apprivoisées reçoivent lorsqu'elles sont attaquées. La valeur par défaut 1 fournit des dégâts normaux. Des valeurs plus élevées diminuent la résistance, augmentant les dégâts par attaque. Des valeurs inférieures l’augmentent, réduisant ainsi les dégâts par attaque. Une valeur de 0,5 entraînerait une structure subissant la moitié des dégâts tandis qu'une valeur de 2,0 entraînerait une structure subissant le double des dégâts normaux."
True,True,TamingSpeedMultiplier,"Valeur par défaut : 1,0 Type de valeur : float Spécifie le facteur d'échelle pour la vitesse d'apprivoisement des créatures. Des valeurs plus élevées accélèrent l’apprivoisement."
True,True,TheMaxStructuresInRange,"Valeur par défaut : 10500 Type de valeur : entier Spécifie le nombre maximum de structures pouvant être construites dans une certaine plage (actuellement codée en dur). Remplace l'ancienne valeur NewMaxStructuresInRange"
None,True,TribeLogDestroyedEnemyStructures,"Valeur par défaut : False Type de valeur : booléen Par défaut, la destruction des structures ennemies (pour la tribu victime) n'est pas affichée dans les journaux de tribu, définissez ceci sur true pour l'activer."
True,True,TribeNameChangeCooldown,"Valeur par défaut : 15,0 Type de valeur : float Temps de récupération, en minutes, entre les changements de nom de tribu. Le serveur officiel utilise une valeur de 172800.0 (2 jours)."
None,True,UseFjordurTraversalBuff,"Valeur par défaut : False Type de valeur : booléen Si True, active la téléportation du biome dans Fjordur en tenant R (activé sur les serveurs PvE officiels)."
None,True,UseOptimizedHarvestingHealth,"Valeur par défaut : False Type de valeur : booléen Si True, permet une optimisation de la récolte du serveur avec un HarvestAmountMultiplier élevé (mais des éléments moins rares). Remarque : sur ARK : Survival Evolved, il est suggéré d'activer cette option si la récolte avec Tek Stryder provoque des pics de décalage."
True,True,XPMultiplier,"Valeur par défaut : 1.0 Type de valeur : float Spécifie le facteur d'échelle pour l'expérience reçue par les joueurs, les tribus et les apprivoisés pour diverses actions. La valeur par défaut 1 offre la même quantité d'expérience que dans l'expérience solo (et sur les serveurs publics officiels). Des valeurs plus élevées augmentent les montants d'XP accordés pour diverses actions ; des valeurs inférieures le diminuent. En 313.5, un multiplicateur supplémentaire codé en dur de 4 a été activé."
None,True,CrossARKAllowForeignDinoDownloads,"Valeur par défaut : False Type de valeur : booléen Si vrai, permet le téléchargement d'hommages aux créatures non natives sur Aberration."
None,True,MinimumDinoReuploadInterval,"Valeur par défaut : 0,0 Type de valeur : float Nombre de secondes de récupération entre les rechargements de créatures autorisés (43 200 sur les serveurs officiels, soit 12 heures)."
True,True,noTributeDownloads,"Valeur par défaut : False Type de valeur : booléen Si True, empêche les téléchargements de données CrossArk dans Cross-ARK Data Transfer."
True,True,PreventDownloadDinos,"Valeur par défaut : False Type de valeur : booléen Si vrai, empêche le téléchargement des créatures depuis les données ARK lors du transfert de données Cross-ARK."
True,True,PreventDownloadItems,"Valeur par défaut : False Type de valeur : booléen Si True, empêche le téléchargement d'éléments à partir des données ARK dans le transfert de données Cross-ARK."
True,True,PreventDownloadSurvivors,"Valeur par défaut : False Type de valeur : booléen Si True, empêche le téléchargement des survivants à partir des données ARK dans le transfert de données Cross-ARK."
None,True,PreventUploadDinos,"Valeur par défaut : False Type de valeur : booléen Si vrai, empêche le téléchargement des créatures vers les données ARK lors du transfert de données Cross-ARK."
None,True,PreventUploadItems,"Valeur par défaut : False Type de valeur : booléen Si True, empêche le téléchargement des éléments vers les données ARK lors du transfert de données Cross-ARK."
None,True,PreventUploadSurvivors,"Valeur par défaut : False Type de valeur : booléen Si True, empêche le téléchargement des survivants vers les données ARK lors du transfert de données Cross-ARK."
None,True,TributeCharacterExpirationSeconds,"Valeur par défaut : 0 Type de valeur : entier Définissez en secondes le délai d'expiration pour les survivants téléchargés dans ARK Data. Avec des valeurs par défaut ou négatives, il n’y a pas de délai d’expiration. Consultez Transfert de données Cross-ARK pour plus de détails. Attention : ne définissez pas cette option sur une valeur insensée, comme plus de 3 153 6000 secondes (soit 1 an), car dans les routines ARK Data, cela est additionné au temps de téléchargement au format d'heure Unix Epoch. L'utilisation de valeurs très élevées entraînera un débordement et pourra entraîner l'échec des contrôles de temps de téléchargement et la suppression des données ARK."
None,True,TributeDinoExpirationSeconds,"Valeur par défaut : 86400 Type de valeur : entier Définit en secondes le délai d'expiration des apprivoisements téléchargés dans ARK Data. S'il est défini sur 0 ou moins, il reviendra à la valeur par défaut. Consultez Transfert de données Cross-ARK pour plus de détails. Attention : ne définissez pas cette option sur une valeur insensée, comme plus de 3 153 6000 secondes (soit 1 an), car dans les routines ARK Data, cela est additionné au temps de téléchargement au format d'heure Unix Epoch. L'utilisation de valeurs très élevées entraînera un débordement et pourra entraîner l'échec des contrôles de temps de téléchargement et la suppression des données ARK."
None,True,TributeItemExpirationSeconds,"Valeur par défaut : 86400 Type de valeur : entier Définissez en secondes le délai d'expiration pour les éléments téléchargés dans ARK Data. S'il est défini sur 0 ou moins, il reviendra à la valeur par défaut. Consultez Transfert de données Cross-ARK pour plus de détails. Attention : ne définissez pas cette option sur une valeur insensée, comme plus de 3 153 6000 secondes (soit 1 an), car dans les routines ARK Data, cela est additionné au temps de téléchargement au format d'heure Unix Epoch. L'utilisation de valeurs très élevées entraînera un débordement et pourra entraîner l'échec des contrôles de temps de téléchargement et la suppression des données ARK."
None,True,CryopodNerfDamageMult,"Valeur par défaut : 0,0099999998 Type de valeur : float Réduit la quantité de dégâts infligés par la créature après son déploiement depuis le cryopode, en pourcentage des dégâts totaux infligés et pour la durée définie par CryopodNerfDuration. CryopodNerfDuration doit également être défini. CryopodNerfDamageMult=0,01 signifie que 99 % des dégâts sont supprimés. Officiellement, il est fixé à 0,1."
None,True,CryopodNerfDuration,"Valeur par défaut : 0,0 Type de valeur : entier Durée, en secondes, de Cryosickness après le déploiement d'une créature à partir d'un Cryopode. Remarque : bien qu'au niveau du code, il soit défini comme un nombre à virgule flottante, il est suggéré d'utiliser plutôt un nombre entier. Officiellement, il est réglé sur 10,0."
None,True,CryopodNerfIncomingDamageMultPercent,"Valeur par défaut : 0,0 Type de valeur : float Augmente la quantité de dégâts subis par la créature après son déploiement depuis le cryopode, en pourcentage du total des dégâts reçus et pour la durée définie par CryopodNerfDuration. CryopodNerfIncomingDamageMultPercent=0,25 signifie qu'un apprivoisé libéré subit 25 % de dégâts supplémentaires pendant la durée du débuff. Officiellement, il est fixé à 0,25."
True,False,AllowCryoFridgeOnSaddle,"Valeur par défaut: False Type de valeur: booléen If True, permet de construire des cryofrigos sur des selles et des radeaux de plate-forme."
True,False,DisableCryopodEnemyCheck,"Valeur par défaut: False Type de valeur: booléen If True, permet d'utiliser des cryopodes lorsque les ennemis sont à proximité."
True,False,DisableCryopodFridgeRequirement,"Valeur par défaut: Type de valeur: booléen If True, permet d'utiliser des cryopodes sans avoir besoin d'être à portée d'un cryo-réfrigérateur alimenté."
None,True,EnableCryopodNerf,"Valeur par défaut : False Type de valeur : booléen Si True, il n'y a pas de temps de recharge du Cryopode et les créatures ne perdent pas connaissance. Si cette option est définie, EnableCryopodNerf et CryopodNerfIncomingDamageMultPercent doivent également être définis, sinon ils prendront la valeur par défaut 0."
None,True,EnableCryoSicknessPVE,"Valeur par défaut : False Type de valeur : booléen Si True, active le temps de recharge du Cryopode lors du déploiement d'une créature."
None,True,BadWordListURL,"Valeur par défaut : http://arkdedicated.com/badwords.txt Type de valeur : chaîne avec une URL Ajoutez l'URL pour héberger votre propre liste de mots grossiers. Remarque : il prend uniquement en charge le protocole HTTP (HTTPS n'est pas pris en charge)."
None,True,BadWordWhiteListURL,"Valeur par défaut : http://arkdedicated.com/goodwords.txt Type de valeur : chaîne avec une URL Ajoutez l'URL pour héberger votre propre liste de bons mots. Remarque : il prend uniquement en charge le protocole HTTP (HTTPS n'est pas pris en charge)."
True,False,AdminListURL,"Valeur par défaut : file://C:\\Servers\\asaisland\\ShooterGame\\Saved\\adminlist.txt Type de valeur : chaîne ASA n'utilise plus les identifiants SteamID64 à la place il utilise les identifiants EOS. Vous pouvez maintenant obtenir cet identifiant en tapant whoami en mode solo dans la console. Remarque : prend également les URL http/https mais aussi un fichier local comme par exemple: file://C:\TestASA\server\ShooterGame\Saved\Config\WindowsServer\AdminListURL.txt."
None,True,bFilterCharacterNames,"Valeur par défaut : False Type de valeur : booléen Si True, filtre les noms de caractères en fonction de la liste des mauvais mots/bons mots."
None,True,bFilterChat,"Valeur par défaut : False Type de valeur : booléen Si True, filtre les noms de caractères en fonction de la liste des mauvais mots/des bons mots."
None,True,bFilterTribeNames,"Valeur par défaut : False Type de valeur : booléen Si True, filtre les noms de tribus en fonction de la liste des mots mauvais/bons."
None,True,AllowDeprecatedStructures,"Valeur par défaut : False Type de valeur : booléen Si True, permet aux serveurs de conserver les structures d'Halloween pendant un certain temps après la fin de l'événement (doit être utilisé avant de relancer le serveur avec la mise à jour 222.3). Puisqu’il n’est pas prévu d’activer ou de supprimer d’autres événements, cette fonctionnalité peut être considérée comme obsolète."
None,True,bAllowFlyerCarryPVE,"Valeur par défaut : False Type de valeur : booléen Utilisez AllowFlyerCarryPvE."
None,True,bDisableStructureDecayPvE,"Valeur par défaut : False Type de valeur : booléen Utilisez DisableStructureDecayPvE."
None,True,ForceFlyerExplosives,"Valeur par défaut : False Type de valeur : booléen Si True, autorise les volants (sauf Quetzal et Wyvern) à voler avec C4 attaché. Obsolète depuis 253.95."
None,True,MaxStructuresInRange,"Valeur par défaut : 1 300 Type de valeur : entier Spécifie le nombre maximum de structures pouvant être construites dans une certaine plage (actuellement codée en dur). Obsolète avec le patch 188.0 par NewMaxStructuresInRange."
None,True,NewMaxStructuresInRange,"Valeur par défaut : 6000 Type de valeur : entier Spécifie le nombre maximum de structures pouvant être construites dans une certaine plage (actuellement codée en dur). Obsolète avec le patch 252.1 par TheMaxStructuresInRange."
None,True,PvEStructureDecayDestructionPeriod,"Valeur par défaut : 0 Type de valeur : entier Spécifie le temps requis pour que les structures des joueurs se désintègrent en mode PvE. Obsolète et plus présent dans les bits exécutables avec le patch 180.0 où chaque type de structure a son propre temps de décroissance, augmentant avec le « niveau de qualité ».[2]"
False,True,AllowedCheatersURL,"Valeur par défaut : N/A Type de valeur : chaîne avec une URL Alternative à l'utilisation de AllowedCheaterSteamIDs.txt (voir Liste blanche des administrateurs) à l'aide d'une ressource Web (par exemple : utilisations officielles http://arkdedicated.com/globaladmins.txt). L'intervalle auquel le serveur interroge la ressource pour vérifier la mise à jour de la liste des administrateurs est défini par UpdateAllowedCheatersInterval. Remarque : il prend uniquement en charge le protocole HTTP (HTTPS n'est pas pris en charge). Non documenté par Wildcard."
None,True,ChatLogFileSplitIntervalSeconds,"Valeur par défaut : 86400 Type de valeur : entier Contrôle la manière de diviser le fichier journal de discussion en fonction du temps en secondes. Ne peut pas être défini sur une valeur inférieure à 45 (sera par défaut à 45 si la valeur est inférieure). Réglé à 0 uniquement en mode officiel. Non documenté par Wildcard."
None,True,ChatLogFlushIntervalSeconds,"Valeur par défaut : 86400 Type de valeur : entier Contrôle le nombre de secondes pendant lesquelles le journal de discussion est vidé dans le fichier journal. Ne peut pas être défini sur une valeur inférieure à 15 (sera par défaut à 15 si la valeur est inférieure). Réglé à 0 uniquement en mode officiel. Non documenté par Wildcard."
None,True,ChatLogMaxAgeInDays,"Valeur par défaut : 5 Type de valeur : entier Contrôle la durée du journal de discussion en jours. Si vous le définissez sur une valeur négative, il sera défini sur -1 (pratiquement infini). Réglé à 0 uniquement en mode officiel. Non documenté par Wildcard."
None,True,DontRestoreBackup,"Valeur par défaut : False Type de valeur : booléen Si True et -DisableDupeLogDeletes sont présents, empêche le serveur de restaurer automatiquement une sauvegarde en cas de sauvegarde corrompue. Non documenté par Wildcard."
None,True,EnableAFKKickPlayerCountPercent,"Valeur par défaut : 0,0 Type de valeur : float Permet d'appliquer le délai d'inactivité uniquement si le nombre de joueurs en ligne atteint la valeur en pourcentage liée à l'argument MaxPlayers. Le pourcentage est exprimé sous forme de valeur normalisée entre 0 et 1,0, où 1,0 signifie 100 %. L'officiel l'a fixé à 0,89999998. Non documenté par Wildcard."
None,True,EnableMeshBitingProtection,"Valeur par défaut : True Type de valeur : booléen Si False, désactive la protection contre les morsures de maillage. Non documenté par Wildcard."
None,True,FreezeReaperPregnancy,"Valeur par défaut : False Type de valeur : booléen Si True, gèle le minuteur de grossesse et le gain d'expérience de Reaper King. Non documenté par Wildcard."
None,True,LogChatMessages,"Valeur par défaut : False Type de valeur : booléen Si True, active la journalisation avancée des discussions. Les journaux de discussion seront enregistrés dans ShooterGame/Saved/Logs/ChatLogs/<SessionName>/ au format json. Le journal contiendra des informations telles que Désactivé sur officiel. Le fichier sera divisé en fonction de la valeur ChatLogFileSplitIntervalSeconds et vidé toutes les secondes de la valeur ChatLogFlushIntervalSeconds. Remarque : <SessionName> sera écrit sans espaces. Non documenté par Wildcard."
None,True,MaxStructuresInSmallRadius,"Valeur par défaut : 0 Type de valeur : entier Définit le nombre maximum de structures autorisées à être placées dans un RadiusStructuresInSmallRadius à partir de la position du joueur. L'officiel l'a fixé à 40. Non documenté par Wildcard."
None,True,MaxStructuresToProcess,"Valeur par défaut : 0 Type de valeur : entier Contrôle la taille maximale du lot de structures à traiter (par exemple : sélection, modification des graphiques de construction, etc.) à chaque tick du serveur. Laisser à 0 (comportement par défaut) forcera le serveur à traiter toutes les structures en file d'attente. Il s'agit d'un compromis entre le coût d'un tick de serveur (dans le pire des cas) et la précision de la simulation. L'officiel l'a fixé à 5000. Non documenté par Wildcard."
None,True,PreventOutOfTribePinCodeUse,"Valeur par défaut : False Type de valeur : booléen Si True, empêche les joueurs hors tribu d'utiliser des épingles sur les structures (portes, ascenseurs, boîtes de stockage, etc.). Non documenté par Wildcard."
None,True,RadiusStructuresInSmallRadius,"Valeur par défaut : 0,0 Type de valeur : float Définit la dimension de petit rayon (en unités Unreal) utilisée par MaxStructuresInSmallRadius. L'officiel l'a fixé à 225,0. Non documenté par Wildcard."
None,True,ServerEnableMeshChecking,"Valeur par défaut : False Type de valeur : booléen Impliqué dans le repeuplement du feuillage. Ne prend aucun effet si -forcedisablemeshchecking est défini. Activé sur officiel. Sans papiers."
None,True,TribeMergeAllowed,"Valeur par défaut : True Type de valeur : booléen Si False, empêche la fusion des tribus. Non documenté par Wildcard."
None,True,TribeMergeCooldown,"Valeur par défaut : 0,0 Type de valeur : float Temps de recharge de la fusion des tribus en secondes. L'officiel utilise 86400.0. Non documenté par Wildcard."
None,True,UpdateAllowedCheatersInterval,"Valeur par défaut : 600,0 Type de valeur : float Délai en secondes pendant lequel la liste des administrateurs distants liée par AllowedCheatersURL est interrogée pour les mises à jour. Toute valeur inférieure à 3,0 sera rétablie à 3,0. Non documenté par Wildcard."
None,True,UseExclusiveList,"Valeur par défaut : False Type de valeur : booléen Si True, autorise le même comportement que -exclusivejoin. Non documenté par Wildcard."
True,True,[SessionSettings],"Les options suivantes doivent figurer dans la section [SessionSettings] de GameUserSettings.ini."
True,True,Port,"Valeur par défaut : 7777 Type de valeur : entier Spécifie le port de jeu UDP. Attention le port 7778 doit aussi etre ouvert lors de la redirection de port ainsi que dans les regle de firewall"
None,True,QueryPort,"Valeur par défaut : 27015 Type de valeur : entier Spécifie le port de requête UDP Steam. Voir Configuration du serveur dédié."
True,True,SessionName,"Valeur par défaut : ARK #123456 Type de valeur : chaîne Spécifie le nom du serveur annoncé dans le navigateur du serveur de jeu ainsi que dans le navigateur du serveur Steam. Si aucun nom n'est fourni, le nom par défaut sera ARK # suivi d'un nombre aléatoire à 6 chiffres. Remarque : Le nom ne doit pas être saisi entre guillemets sauf s'il est lancé depuis la ligne de commande."
None,True,[/Script/Engine.GameSession],"Non utilisé sur ASA, mais ASADedicatedManager ajoutera automatiquemes ce parametre dans la ligne de commande de lancemennt du serveur: -WinLiveMaxPlayers Les options suivantes doivent figurer dans la section [/Script/Engine.GameSession] de GameUserSettings.ini"
False,True,MaxPlayers,"Valeur par défaut : 70 Type de valeur : entier Spécifie le nombre maximum de joueurs pouvant jouer simultanément sur le serveur. ASA : ce paramètre est remplacé par -WinLiveMaxPlayers dans les options de ligne de commande, sinon il le forcera à revenir à la valeur par défaut. ASADedicatedManager ajoutera automatiquement ce paramètre dans la ligne de commande de lancement du serveur : -WinLiveMaxPlayers x"
None,True,[Ragnarok],"Seulement utilisé sur le map Ragnarok. Les options suivantes doivent figurer dans la section [Ragnarok] de GameUserSettings.ini"
None,True,AllowMultipleTamedUnicorns,"Valeur par défaut : False Type de valeur : booléen False = une licorne sur la carte à la fois, True = une licorne apprivoisée sauvage et illimitée sur la carte."
None,True,EnableVolcano,"Valeur par défaut : True Type de valeur : booléen False = désactivé (le volcan ne deviendra pas actif), True = activé"
None,True,UnicornSpawnInterval,"Valeur par défaut : 24 Type de valeur : entier Combien de temps en heures le jeu doit attendre avant de générer une nouvelle licorne si la licorne sauvage est tuée (ou apprivoisée, si AllowMultipleTamedUnicorns est activé). Cette valeur définit la durée minimale (en heures) et la valeur maximale est égale à 2x cette valeur."
None,True,VolcanoIntensity,"Valeur par défaut : 1 Type de valeur : float Plus la valeur est basse, plus l'éruption du volcan sera intense. Il est recommandé de laisser à 1. La valeur minimale est de 0,25, et pour les jeux multijoueurs, elle ne doit pas descendre en dessous de 0,5. Des nombres très élevés désactiveront essentiellement les roches enflammées projetées hors du volcan."
None,True,VolcanoInterval,"Valeur par défaut : 0 Type de valeur : entier 0 = 5 000 (min) - 15 000 (max) secondes entre les instances où le volcan devient actif. Tout nombre supérieur à 0 agit comme un multiplicateur, avec une valeur minimale de 0,1"
None,True,Duration,"Valeur par défaut : 20 Type de valeur : entier Spécifie en secondes la durée du message affiché lors de la connexion du joueur."
True,True,Message,"Valeur par défaut : N/A Type de valeur : chaîne Une chaîne d'une seule ligne pour un message affiché pour être lu une fois connecté. Aucun guillemet n'est nécessaire. Utilisez \n pour démarrer une nouvelle ligne dans le message."
